,no_times_pregnant,glucose_concentration,blood_pressure,skin_fold_thickness,serum_insulin,bmi,diabetes pedigree,age
count,614.0,614.0,614.0,614.0,614.0,614.0,614.0,614.0
mean,3.8534201954397393,120.54234527687296,68.76547231270358,20.2442996742671,79.35504885993485,31.909934853420197,0.466342019543974,33.3257328990228
std,3.3581261324851353,31.252286024647812,19.914836133566386,15.886082793033419,117.7099498729839,8.00769912936813,0.33109033915985064,11.929568554885051
min,0.0,0.0,0.0,0.0,0.0,0.0,0.078,21.0
25%,1.0,99.0,62.0,0.0,0.0,27.3,0.24025,24.0
50%,3.0,117.0,72.0,23.0,17.0,32.0,0.361,29.0
75%,6.0,139.0,80.0,32.0,126.0,36.6,0.6134999999999999,41.0
max,17.0,197.0,114.0,63.0,846.0,59.4,2.42,81.0
