,no_times_pregnant,glucose_concentration,blood_pressure,skin_fold_thickness,serum_insulin,bmi,diabetes pedigree,age
count,614.0,614.0,614.0,614.0,614.0,614.0,614.0,614.0
mean,3.8534201954397393,121.36410433953307,72.44909615499104,29.184831889790086,158.88257659985095,32.427589118740116,0.466342019543974,33.3257328990228
std,3.3581261324851353,29.71598846888921,12.044571573535842,8.613187837630635,91.25560467797791,6.877010796754171,0.33109033915985064,11.929568554885051
min,0.0,44.0,24.0,7.0,14.0,18.2,0.078,21.0
25%,1.0,100.0,64.0,25.0,125.0,27.5,0.24025,24.0
50%,3.0,117.0,72.0,28.0,132.68421052631578,32.0,0.361,29.0
75%,6.0,139.0,80.0,32.232394366197184,207.85148514851485,36.6,0.6134999999999999,41.0
max,17.0,197.0,114.0,63.0,846.0,59.4,2.42,81.0
